{"kear":{"count":227,"lastSeenTime":1577025649999,"publicGameCount":5,"difficulty":0.4492753623188406,"difficultyWeight":138}, "Jear":{"count":227,"lastSeenTime":1577025649999,"publicGameCount":5,"difficulty":0.4492753623188406,"difficultyWeight":138}, "near":{"count":227,"lastSeenTime":1577025649999,"publicGameCount":5,"difficulty":0.4492753623188406,"difficultyWeight":138}}
